Garv98,7
user970,1
6UtgjYgq,5
ZTWKWQQj,3
XKHfVu,6
k7CuaX,3
user117,1
user754,1
piYR4PTiYo,3
user717,1
B1Ehs6eez,7
user665,1
it369zpxK,2
user786,1
i3qxwHa,2
user244,1
user666,1
CZEmNne9EZ,2
user319,1
user784,2
TkNGIE,1
user996,2
user884,2
E7wih65D,3
user116,3
M7BMd1cK,5
FBA0N9sj,3
user298,1
user477,2
15NsNSD3,3
user896,2
lBFTmUiqWj,5
user232,1
user902,1
UalRGf3zE,3
p4h2O6qPTt,5
user444,3
VcTlymNfvh,1
user279,2
c56NO,2
XWs8n,2
user302,3
user979,3
user320,1
user268,2
s4d4VGetR,6
YYlr2il,2
user597,2
RV2SzU7AQ,1
user847,1
user134,3
user210,4
user938,1
user482,2
user274,2
user540,2
user296,2
9Q1fg,1
user466,1
Cinder,1
