Username,Email,Phone,Hashed Password
Abhi,garvagarwallagr12@gmail.com,6901085253,$2b$12$ZOCJWx/L0eMOdGqUP2jzqOHgz0b/ZvwyInyfZ430VgvkgwRJhD6KW
Cinder,mayurkumarkn@gmail.com,9538338156,$2b$12$s/C7xN2c.wqO4tWyEUUUH.Hg2mZmz.Sm.kPuU0eTBDlJQd7CIu2/e
cSmb8y,csmb8y206@example.com,+919718124328,$2b$12$GnMEEaIwXB28IdOqPsuTVOfBlmYPZZy8ugj3.RGMDblisRSE01vZK
NPZOkh,npzokh119@gmail.com,+918733306689,$2b$12$SO46BTtVUaAKVY1thCIRD.6.uz9ekVZWAu.jnqd78SCkXf.2IViuq
Vinayaka,bvinayakaaili.ai23@rvce.edu.in,6362132144,$2b$12$FGqXHVwxxujOJvchcjgXqOVz2Z/QtUr9WTDjcR9PJYsmtXP.sxGNS
NvpOY1Hl,nvpoy1hl598@outlook.com,+916767668200,$2b$12$VHgpYUTHYH8bTUb6VpOH4.iPpAa9iYZm2fTX/yGDTXCc13LQd9sea
F7a9dEWVU,f7a9dewvu587@yahoo.com,+917039063168,$2b$12$j4qQmKZoMiAgnyWn7Agyl.Sv3h0.qA1Rnmu2UPuHoTVegFmRjCGzS
W99ZMMaAcZ,w99zmmaacz920@yahoo.com,+919953026525,$2b$12$U3mBQckNrGHiB394gpyIne5dYQU.A/YBd57dVoql6sjH0xg.eKjOa
jbd6gRf,jbd6grf924@gmail.com,+916444649588,$2b$12$PJairULNTBL1RmlpwuPmL.2YU0vcEU/uRXMSVUqeELkM2dl6Vm9he
VteFYP3Y3k,vtefyp3y3k446@outlook.com,+918126181825,$2b$12$lzvTcxo3CWrCp.ZUhTorjuObGOTGOWorCTvE0j0F6eBGtnFoGihOO
e9UrZTe,e9urzte355@outlook.com,+919904520757,$2b$12$dO/60PnZw4lGN24RlYkhye4H5.voc7Qh/5T27OLkRbjFIIpKYdt7G
87jzNY,87jzny900@gmail.com,+918266976487,$2b$12$MBPICaQLNnscv/gCejiY8OFXvA8xInBvLxz5.2dO76ZZrj9/5VkA2
Y9N98,y9n98930@gmail.com,+916122411147,$2b$12$GMvc8MFOcaHFM6nHcke9kuyDreaKaazD1P1Xu7tDdz2J19uxX3J0C
XJEapBi,xjeapbi477@outlook.com,+916718087697,$2b$12$Nnv4Q.PAFjm4cnghNX3fceemNO0P0AqQ6Eo3FetcNzL/DEFvErJni
PXC6pUO,pxc6puo322@yahoo.com,+916774378581,$2b$12$nqAgxagSUENUQu.CG/AyZuCtOXk2je4ztrqrkpyo9XG44kQYuO9Tu
OY3I96WBO,oy3i96wbo826@outlook.com,+919621434679,$2b$12$MaPaRo1fcLUZ3Q3LAPA2Ie8R.TpCAZ.GGJp7RXon9Uh1ienHd9AfC
whHCAIl,whhcail592@gmail.com,+919237753701,$2b$12$AUzEGspHmSnL0hR8es.aJOQndVWMfE072n//m8PR43d0uAuRY348C
S6lKo,s6lko354@outlook.com,+919416416230,$2b$12$F9boriEr21sSinFfzhvN3OeMF6VkKOmWeW92L6n2VaNe/jlgzghiy
kaGL5,kagl5369@yahoo.com,+917586696184,$2b$12$1aQiGHRbJ/5vny.mAm6fFu8NDHwZ57x4MR3ZnGHAkxLUsPPqxfBqC
NATjzdjt,natjzdjt529@outlook.com,+917995279375,$2b$12$fqRsuzXfNkhFsO96CrXrlO8FSzeB.UN2yD0EIws6rbanG/cXQP196
YLvTm,ylvtm803@yahoo.com,+917169075026,$2b$12$ha.EnU4OjGULV0r1OZiQH.1dl7HNterTthbKbl.ii5.bGcrdDZkWW
VoeLjLWp5,voeljlwp5957@gmail.com,+919345944051,$2b$12$GNLXHSnQIUUrN6NT7fKr6.IGKPawqWqBR5eR1P0wD4fFc918aXc7S
XUf7wdT,xuf7wdt274@outlook.com,+918568118076,$2b$12$wr5TMlD/8LqvipkEQdRleuOi5OkLHnZ3vYxwqJnLmOxVZzoDHzBY2
j6Hej,j6hej509@yahoo.com,+916105421212,$2b$12$ZhIJe6HGD8QsPex0cabYuOgYejeAKmTMJ3syqjHxaR48O4sZjp5cq
UFLz6T,uflz6t246@yahoo.com,+917793838472,$2b$12$GmPF5EZeAwXFkWyEypF5rua7pcGORnhRsARY3C49NGVcA.d3Za0U.
I1SUrnm,i1surnm851@gmail.com,+918369868533,$2b$12$4RAsMSuQjCDl4K4lN0ztyu.a1f5DThcfOMOx29wN5L7dpy9JVBRvK
ovLVuKE,ovlvuke564@yahoo.com,+916312235574,$2b$12$Tqj2OfOmsnyHP8iX1D8to.7JQ4N3g66bEUPS/x9yWwjE1twgOqP9e
kb6Pn9hT6F,kb6pn9ht6f376@outlook.com,+916682441075,$2b$12$kvsKzNTI4457G.sGHJGQ3.uD25MuD/V3g3VGD/BuaHaKQUvZjo/Eq
J9WSmp,j9wsmp890@gmail.com,+918713231666,$2b$12$4qSPqMHMI95nALan1AzHCejxkW5tQMc0605BoQIjhT.Ca.QXcZNQ2
3kCl5hfj,3kcl5hfj614@outlook.com,+917066428313,$2b$12$sj/ew18hEbnyUhVSI5Cz5uwhnIJvQNPZhkpkztIF8iQtN3Z2IP8Ra
kPBQdW,kpbqdw963@yahoo.com,+919950570457,$2b$12$re3Sv1avyXtsnPRlr6FLy.9f4aMfY8YsNcT0hdGtE1wymuTfi26sO
paYQMLnLAm,payqmlnlam346@gmail.com,+919308516238,$2b$12$hI5.fX4auVFtUXiqKevpfOcz6uZabZqUBSGr3vvEWm8nhxgZxHTa6
JogFouI,jogfoui568@yahoo.com,+917147613598,$2b$12$H4dwGYVTnkDn9tc1wUVA5eJqRyBsJDTHM4fy66tFBfjyUqGmsJ6GS
bVtDa8i7,bvtda8i7414@outlook.com,+916252683657,$2b$12$W.NxFloISaj7lAhZXCtYhuW2yrC3oyML4ZiY0rGnkoB1alc3ZISlG
AYxLajWm,ayxlajwm319@outlook.com,+918112610281,$2b$12$tvz.SKudIjZTRt.D6lyLxe5SHeNSTV7Tb4O9JVQ6LlhQHD5wo9ixO
RrjNw,rrjnw654@gmail.com,+918588892603,$2b$12$.oXbOFS4Gx3bSvjVMZ/On.L98Xo/ZQIZnJTpRj.WhDMcTSkGYeiP2
2lpGFbL,2lpgfbl572@gmail.com,+918057811848,$2b$12$FDPyKbU7YOhZniJEjazxfOaDm9C5kdcAzHwv/JJWRk4crO0cv8msq
84zWe4,84zwe4416@gmail.com,+917051780794,$2b$12$0coHjIZWKUbVNHOs4LTVC.D6VY4WDr5ARt6MQpRFc1Nn1/T7PsL4y
PEYWCwQm4,peywcwqm4704@outlook.com,+918243291130,$2b$12$bNaFf3IVQ8fLUXHDU3yrNOrjrbCOikNR45hSaKQBbEKSh7hAlrY3i
YY3OGosm,yy3ogosm184@outlook.com,+916081865051,$2b$12$kB5qHwKidysIhJfbv2U9Vup/dgVjddGN2uIEK6YgU7pE555XmBuyy
1VdR3aJ,1vdr3aj981@yahoo.com,+916590278784,$2b$12$auE/aAsH2YbzWhQ8Y6f3GOCI1xvNmBhaf4iJWkHzAP3YRROrftGr.
HRMYcB,hrmycb662@yahoo.com,+918629241956,$2b$12$dW2VqQNUdKOBS.PzLCEaK.1brblNoEaFXTZkZT2ZRYfXrFFf7II3W
72Qe0y,72qe0y595@outlook.com,+919265217759,$2b$12$EeElpm0/wu4FKcbE4GVdK.XTMh.jo4qmqSHnNw1FKhlMyB1vlsw2m
32cKQKPI6s,32ckqkpi6s276@gmail.com,+918672582953,$2b$12$vdRnZph8YHyYVXBuaIm/J.zzwRypEJw1amhqHZag4ivSXX9jFfOfu
uHm8nZ,uhm8nz715@gmail.com,+916169265428,$2b$12$orwQgwXikRQgE7noXayEgeUHvkLsjgcO2mTpQQL5kyH9ivBNf5lle
vIpdmmQmGp,vipdmmqmgp174@outlook.com,+918795694971,$2b$12$jkaV4fs1uD0FSE34ZaitE.h44OHrZFcM3MdP8o9Ofo1QTZ9LNB1.m
J8IPi0B03C,j8ipi0b03c412@gmail.com,+917316838261,$2b$12$78mFrdwPRWJFVm2kyBM4LOgm6KsW5xJXxbcKkxT2gj9Drqab4t4K.
Rbwkt6u,rbwkt6u304@yahoo.com,+916457215771,$2b$12$9NieGlRTsihdzOC36rsmOO7rvoXCB1w0FPSafdEiR4.EO/Z.B/w5a
cg5Bi9QY1e,cg5bi9qy1e378@gmail.com,+919827456876,$2b$12$mPe9z/5NKP0ptvkELvdetO3DuDxaV.rjaXER5P.iYlpCU7blv9kbq
tMhuM9,tmhum9441@gmail.com,+917575174900,$2b$12$G3G7PTFMGKR8nI0UnabvB.Hs/KQGeutfXMfLCN/V8acA7n/AqaOfC
7aX8nZ,7ax8nz697@yahoo.com,+918542616151,$2b$12$cESzam5./4ZSIUs/rJGmM.LDe4sQ5s3RHqD1WZ36qYmwuhSnB7OFK
lAP5nTmyNY,lap5ntmyny922@outlook.com,+919884541095,$2b$12$jB3kW5WKp2svE4L2b0JDmuMa3lOF50tVMVapo57z3wv286NYfwgWG
wocDZK,wocdzk820@yahoo.com,+919185903849,$2b$12$exEIYc8CZ37apospMCCzpOapsCuRiDFDoI2.gmdMFrTgsBygwCGOi
eBfrUV,ebfruv994@gmail.com,+919103750161,$2b$12$qinvYwGhCvxbkVfJkc9...MPQIeuMvfWwXol1t.Bk5ul8Wlob51yK
I9BunHV,i9bunhv106@outlook.com,+919667920665,$2b$12$HLbiugQoQ1jREAeHKrK32.cXh30W3mDC7Ri1xIQCBAktJC.LZBU5y
Svsck,svsck118@outlook.com,+916256959653,$2b$12$vCoHdfWbZylZZyf9oChGy.Rv3wEbR6INLheialdnWWpZNBRewpB1y
vqWSUTO,vqwsuto686@gmail.com,+917993232164,$2b$12$a5giXSoGaFPTrpRFqHH4zeEGZB24.QILAaUQjAMcFjf2CGU5/a3UG
lVVY2,lvvy2843@outlook.com,+916295493797,$2b$12$FsfuWZRL688MGnK7bDquzuKnDQzkh98n7f08gCkROi5YAkPY2aFZq
4lmpEu,4lmpeu758@gmail.com,+918504395253,$2b$12$N4xsah8kSsf3A8XeTw1pkuJR.BFM3u/v.GXGOWapnxdPZe2zCz2C.
